Operon,Start,End,Strand,Gene
Hyphomicrobium_B_2516653076,-12961,-12212,-,-
Hyphomicrobium_B_2516653076,-12160,-8945,-,82
Hyphomicrobium_B_2516653076,-8896,-7694,-,110
Hyphomicrobium_B_2516653076,-7263,-6613,+,15
Hyphomicrobium_B_2516653076,-6502,-5201,+,-
Hyphomicrobium_B_2516653076,-5165,-4164,+,hpnA
Hyphomicrobium_B_2516653076,-4167,-3004,+,hpnB
Hyphomicrobium_B_2516653076,-3007,-2117,+,hpnC
Hyphomicrobium_B_2516653076,-2127,-1285,+,hpnD
Hyphomicrobium_B_2516653076,-1284,-31,+,hpnE
Hyphomicrobium_B_2516653076,0,2000,+,SHC
Hyphomicrobium_B_2516653076,2002,2685,+,hpnG
Hyphomicrobium_B_2516653076,2629,3777,-,hpnH
Hyphomicrobium_B_2516653076,3824,4753,-,ispH
Hyphomicrobium_B_2516653076,5105,7729,+,hpnN
Hyphomicrobium_B_2516653076,7737,9164,-,hpnP*
Hyphomicrobium_B_2516653076,9176,10309,-,hpnI
Hyphomicrobium_B_2516653076,10442,11485,+,hpnS
Hyphomicrobium_B_2516653076,11746,12381,-,hpnM
Hyphomicrobium_B_2516653076,12626,14572,+,DXPS
Hyphomicrobium_B_2516653076,14631,14912,-,-
Rhizomicrobium_2823805908,-10440,-9277,+,hpnI
Rhizomicrobium_2823805908,-9277,-7850,+,hpnP*
Rhizomicrobium_2823805908,-7850,-6996,+,-
Rhizomicrobium_2823805908,-6960,-6073,+,-
Rhizomicrobium_2823805908,-6059,-5076,+,hpnL
Rhizomicrobium_2823805908,-5079,-4081,+,hpnA
Rhizomicrobium_2823805908,-4084,-2957,+,hpnB
Rhizomicrobium_2823805908,-2960,-2100,+,hpnC
Rhizomicrobium_2823805908,-2089,-1250,+,hpnD
Rhizomicrobium_2823805908,-1253,-9,+,hpnE
Rhizomicrobium_2823805908,0,1949,+,SHC
Rhizomicrobium_2823805908,2066,2737,+,hpnG
Rhizomicrobium_2823805908,2681,3829,-,hpnH
Rhizomicrobium_2823805908,3877,4803,-,ispH
Rhizomicrobium_2823805908,5017,5922,+,hpnE*
Rhizomicrobium_2823805908,5998,6609,+,hpnM
Rhizomicrobium_2823805908,6678,9305,-,hpnN
Rhizomicrobium_2823805908,9353,10102,-,hpnS
Rhizomicrobium_2823805908,10282,10638,+,-
Rhizomicrobium_2823805908,11095,11991,+,-
Rhizomicrobium_2823805908,12099,13754,+,1
Afipia_2537561905,-12416,-11757,+,-
Afipia_2537561905,-11546,-9957,-,-
Afipia_2537561905,-9822,-8536,-,29
Afipia_2537561905,-8408,-7410,-,219
Afipia_2537561905,-7053,-5584,+,hpnP*
Afipia_2537561905,-5538,-4351,+,-
Afipia_2537561905,-4175,-3003,+,hpnB
Afipia_2537561905,-3006,-2125,+,hpnC
Afipia_2537561905,-2123,-1269,+,hpnD
Afipia_2537561905,-1269,-10,+,hpnE
Afipia_2537561905,0,1982,+,SHC
Afipia_2537561905,1979,2671,+,hpnG
Afipia_2537561905,2757,3947,-,hpnH
Afipia_2537561905,3954,4925,-,ispH
Afipia_2537561905,4936,6852,-,DXPS
Afipia_2537561905,7129,9660,+,hpnN
Afipia_2537561905,9673,10302,-,hpnT
Afipia_2537561905,10417,11817,+,hpnO
Afipia_2537561905,11890,12132,-,149
Afipia_2537561905,12323,14431,-,-
Afipia_2537561905,14482,15639,-,-
Sphingomonas_2599185354,-9930,-9034,-,-
Sphingomonas_2599185354,-9020,-8196,-,-
Sphingomonas_2599185354,-8186,-7989,-,-
Sphingomonas_2599185354,-7965,-6520,-,hpnP*
Sphingomonas_2599185354,-6523,-5291,-,hpnI
Sphingomonas_2599185354,-5161,-4166,+,hpnA
Sphingomonas_2599185354,-4169,-2928,+,hpnB
Sphingomonas_2599185354,-2931,-2095,+,hpnC
Sphingomonas_2599185354,-2098,-1259,+,hpnD
Sphingomonas_2599185354,-1262,-9,+,hpnE
Sphingomonas_2599185354,0,1946,+,SHC
Sphingomonas_2599185354,1943,2614,+,hpnG
Sphingomonas_2599185354,2627,3772,-,hpnH
Sphingomonas_2599185354,3785,4744,-,ispH
Sphingomonas_2599185354,4997,5596,+,hpnM
Sphingomonas_2599185354,5602,6651,+,hpnS
Sphingomonas_2599185354,6693,9290,-,hpnN
Sphingomonas_2599185354,9287,9748,-,-
Sphingomonas_2599185354,9990,11732,+,194
Sphingomonas_2599185354,11732,12952,+,177
Sphingomonas_2599185354,12949,16938,+,194
Magnetospira_2627853728,-10984,-9875,-,173
Magnetospira_2627853728,-9802,-8825,-,176
Magnetospira_2627853728,-8517,-7501,+,-
Magnetospira_2627853728,-7493,-6654,+,-
Magnetospira_2627853728,-6616,-5021,+,-
Magnetospira_2627853728,-5009,-4188,+,-
Magnetospira_2627853728,-4191,-3337,+,hpnC
Magnetospira_2627853728,-3340,-2198,+,hpnB
Magnetospira_2627853728,-2164,-1316,+,hpnD
Magnetospira_2627853728,-1319,-66,+,hpnE
Magnetospira_2627853728,0,1925,+,SHC
Magnetospira_2627853728,1932,2615,+,hpnG
Magnetospira_2627853728,2565,3650,-,hpnH
Magnetospira_2627853728,3656,4606,-,ispH
Magnetospira_2627853728,4733,5728,+,hpnA
Magnetospira_2627853728,5688,6719,+,hpnL
Magnetospira_2627853728,6716,7966,+,-
Magnetospira_2627853728,7956,8732,+,-
Magnetospira_2627853728,8729,11245,+,hpnN
Magnetospira_2627853728,11232,11834,-,hpnM
Magnetospira_2627853728,11893,12510,-,hpnM
Pandoraea_2558309055,-10589,-8583,+,-
Pandoraea_2558309055,-8583,-7945,+,-
Pandoraea_2558309055,-7948,-7577,+,-
Pandoraea_2558309055,-7574,-6597,+,10
Pandoraea_2558309055,-6457,-5786,+,-
Pandoraea_2558309055,-5757,-4582,-,-
Pandoraea_2558309055,-4467,-3505,-,130
Pandoraea_2558309055,-3372,-2509,-,hpnC
Pandoraea_2558309055,-2274,-1426,+,hpnD
Pandoraea_2558309055,-1426,-173,+,hpnE
Pandoraea_2558309055,0,2072,+,SHC
Pandoraea_2558309055,2072,2794,+,hpnG
Pandoraea_2558309055,2950,4152,-,hpnB
Pandoraea_2558309055,4149,5144,-,hpnA
Pandoraea_2558309055,5145,6266,-,hpnH
Pandoraea_2558309055,6290,7249,-,ispH
Pandoraea_2558309055,7640,8284,-,hpnM*
Pandoraea_2558309055,8508,11171,+,hpnN
Pandoraea_2558309055,11298,13244,-,DXPS
Pandoraea_2558309055,13267,14340,-,161
Pandoraea_2558309055,14381,15568,-,159
Bradyrhizobium_2885401394,-10949,-9363,+,hpnP*
Bradyrhizobium_2885401394,-9366,-8581,+,147
Bradyrhizobium_2885401394,-8371,-6005,+,hpnN*
Bradyrhizobium_2885401394,-5787,-4567,+,29
Bradyrhizobium_2885401394,-4601,-4503,-,-
Bradyrhizobium_2885401394,-4415,-3918,-,-
Bradyrhizobium_2885401394,-3456,-3223,+,149
Bradyrhizobium_2885401394,-3034,-2150,+,hpnC
Bradyrhizobium_2885401394,-2160,-1321,+,hpnD
Bradyrhizobium_2885401394,-1321,-65,+,hpnE
Bradyrhizobium_2885401394,0,1997,+,SHC
Bradyrhizobium_2885401394,1994,2743,+,hpnG
Bradyrhizobium_2885401394,3728,4888,-,hpnH
Bradyrhizobium_2885401394,4925,5968,-,ispH
Bradyrhizobium_2885401394,6316,8904,+,hpnN
Bradyrhizobium_2885401394,8872,9507,-,hpnT
Bradyrhizobium_2885401394,9670,11040,+,hpnO
Bradyrhizobium_2885401394,11153,11983,-,7
Bradyrhizobium_2885401394,12047,13666,-,137
Bradyrhizobium_2885401394,13889,15061,+,135
Bradyrhizobium_2885401394,15292,16920,-,-
Nitrobacter_637000193,-15275,-14079,-,177
Nitrobacter_637000193,-13526,-10740,+,-
Nitrobacter_637000193,-10645,-9296,+,-
Nitrobacter_637000193,-8913,-7252,+,hpnP*
Nitrobacter_637000193,-6910,-4517,+,hpnN*
Nitrobacter_637000193,-4475,-3975,-,-
Nitrobacter_637000193,-3429,-3172,+,-
Nitrobacter_637000193,-2978,-2100,+,hpnC
Nitrobacter_637000193,-2103,-1267,+,hpnD
Nitrobacter_637000193,-1267,-14,+,hpnE
Nitrobacter_637000193,0,1964,+,SHC
Nitrobacter_637000193,1985,2815,+,hpnG
Nitrobacter_637000193,3336,4505,-,hpnH
Nitrobacter_637000193,4552,5496,-,ispH
Nitrobacter_637000193,5912,8575,+,hpnN
Nitrobacter_637000193,8543,9184,-,hpnT
Nitrobacter_637000193,9294,10685,+,hpnO
Nitrobacter_637000193,10762,11931,+,135
Nitrobacter_637000193,11972,12649,-,-
Nitrobacter_637000193,12709,13425,-,-
Nitrobacter_637000193,13718,14461,-,-
Paraburkholderia_2508501040,-10203,-9922,+,-
Paraburkholderia_2508501040,-9749,-9543,-,-
Paraburkholderia_2508501040,-9172,-8618,+,19
Paraburkholderia_2508501040,-8523,-7525,-,-
Paraburkholderia_2508501040,-7305,-5026,-,21
Paraburkholderia_2508501040,-4311,-3943,+,14
Paraburkholderia_2508501040,-3950,-3327,+,25
Paraburkholderia_2508501040,-3330,-2392,+,179
Paraburkholderia_2508501040,-2118,-1270,+,hpnD
Paraburkholderia_2508501040,-1265,3,+,hpnE
Paraburkholderia_2508501040,0,2024,+,SHC
Paraburkholderia_2508501040,2028,2759,+,hpnG
Paraburkholderia_2508501040,2830,3846,-,hpnS
Paraburkholderia_2508501040,3849,6464,-,hpnN
Paraburkholderia_2508501040,6677,7282,+,hpnM*
Paraburkholderia_2508501040,7395,8549,-,hpnH
Paraburkholderia_2508501040,8560,9504,-,ispH
Paraburkholderia_2508501040,9855,10721,+,hpnC
Paraburkholderia_2508501040,10721,11893,+,hpnB
Paraburkholderia_2508501040,11954,12493,-,-
Paraburkholderia_2508501040,12630,13640,-,hpnA
Rhodopseudomonas_2861707373,-12786,-11437,+,170
Rhodopseudomonas_2861707373,-11370,-9988,+,146
Rhodopseudomonas_2861707373,-9730,-8144,+,hpnP*
Rhodopseudomonas_2861707373,-8133,-7348,+,147
Rhodopseudomonas_2861707373,-7184,-4794,+,hpnN*
Rhodopseudomonas_2861707373,-4519,-4043,-,-
Rhodopseudomonas_2861707373,-3508,-3233,+,-
Rhodopseudomonas_2861707373,-3039,-2161,+,hpnC
Rhodopseudomonas_2861707373,-2164,-1325,+,hpnD
Rhodopseudomonas_2861707373,-1325,-60,+,hpnE
Rhodopseudomonas_2861707373,0,1964,+,SHC
Rhodopseudomonas_2861707373,2027,2686,+,hpnG
Rhodopseudomonas_2861707373,2805,3959,-,hpnH
Rhodopseudomonas_2861707373,4002,4946,-,ispH
Rhodopseudomonas_2861707373,5323,7815,+,hpnN
Rhodopseudomonas_2861707373,8295,9686,+,hpnO
Rhodopseudomonas_2861707373,10022,11194,+,135
Rhodopseudomonas_2861707373,11313,11810,+,-
Rhodopseudomonas_2861707373,12107,13582,-,-
Rhodopseudomonas_2861707373,13594,14829,-,-
Rhodopseudomonas_2861707373,14990,15793,+,-
Caballeronia_2511231144,-12473,-11904,-,-
Caballeronia_2511231144,-11321,-10389,+,-
Caballeronia_2511231144,-9561,-9010,+,19
Caballeronia_2511231144,-8937,-7528,-,-
Caballeronia_2511231144,-7358,-5079,-,21
Caballeronia_2511231144,-4280,-3912,+,14
Caballeronia_2511231144,-3919,-3296,+,25
Caballeronia_2511231144,-3276,-2335,+,176
Caballeronia_2511231144,-2125,-1277,+,hpnD
Caballeronia_2511231144,-1277,0,+,hpnE
Caballeronia_2511231144,0,1979,+,SHC
Caballeronia_2511231144,1976,2662,+,hpnG
Caballeronia_2511231144,2791,3264,+,144
Caballeronia_2511231144,3298,4236,-,hpnS
Caballeronia_2511231144,4269,6929,-,hpnN
Caballeronia_2511231144,7199,7816,+,hpnM*
Caballeronia_2511231144,7847,8485,-,42
Caballeronia_2511231144,8475,9902,-,61
Caballeronia_2511231144,10160,12244,+,-
Caballeronia_2511231144,12256,12450,+,-
Caballeronia_2511231144,12600,12839,+,-
Tardiphaga_2602042107,-12569,-11223,+,170
Tardiphaga_2602042107,-11150,-9768,+,146
Tardiphaga_2602042107,-9542,-7959,+,hpnP*
Tardiphaga_2602042107,-7942,-7157,+,147
Tardiphaga_2602042107,-6942,-4573,+,hpnN*
Tardiphaga_2602042107,-4483,-3983,-,-
Tardiphaga_2602042107,-3499,-3257,+,149
Tardiphaga_2602042107,-3025,-2144,+,hpnC
Tardiphaga_2602042107,-2147,-1293,+,hpnD
Tardiphaga_2602042107,-1293,-43,+,hpnE
Tardiphaga_2602042107,0,1973,+,SHC
Tardiphaga_2602042107,1970,2704,+,hpnG
Tardiphaga_2602042107,2810,3979,-,hpnH
Tardiphaga_2602042107,4022,5155,-,ispH
Tardiphaga_2602042107,5361,7949,+,hpnN
Tardiphaga_2602042107,7939,8646,-,hpnT
Tardiphaga_2602042107,8746,10137,+,hpnO
Tardiphaga_2602042107,10141,10893,-,22
Tardiphaga_2602042107,10890,11507,-,rpoD
Tardiphaga_2602042107,11533,11862,-,124
Tardiphaga_2602042107,11875,12825,-,58
Pseudorhodoplanes_2757320695,-10567,-9593,+,94
Pseudorhodoplanes_2757320695,-9575,-8316,+,123
Pseudorhodoplanes_2757320695,-8095,-7340,+,1
Pseudorhodoplanes_2757320695,-7347,-6643,+,1
Pseudorhodoplanes_2757320695,-6646,-5897,-,134
Pseudorhodoplanes_2757320695,-5766,-4219,+,-
Pseudorhodoplanes_2757320695,-4122,-2959,+,hpnB
Pseudorhodoplanes_2757320695,-2962,-2078,+,hpnC
Pseudorhodoplanes_2757320695,-2075,-1236,+,hpnD
Pseudorhodoplanes_2757320695,-1232,3,+,hpnE
Pseudorhodoplanes_2757320695,0,1964,+,SHC
Pseudorhodoplanes_2757320695,1983,2675,+,hpnG
Pseudorhodoplanes_2757320695,2616,3764,-,hpnH
Pseudorhodoplanes_2757320695,3799,4731,-,ispH
Pseudorhodoplanes_2757320695,4759,6675,-,DXPS
Pseudorhodoplanes_2757320695,6828,9464,+,hpnN
Pseudorhodoplanes_2757320695,9408,10034,-,hpnT
Pseudorhodoplanes_2757320695,10106,11512,+,hpnO
Pseudorhodoplanes_2757320695,11725,11925,+,-
Pseudorhodoplanes_2757320695,12319,13416,+,-
Pseudorhodoplanes_2757320695,13659,14729,+,-
Acetobacter_2596583685,-9747,-8815,+,10
Acetobacter_2596583685,-8652,-8527,+,-
Acetobacter_2596583685,-8521,-7709,+,-
Acetobacter_2596583685,-7679,-6798,-,-
Acetobacter_2596583685,-6790,-5729,-,hpnL
Acetobacter_2596583685,-5513,-4512,+,hpnA
Acetobacter_2596583685,-4492,-3308,+,hpnB
Acetobacter_2596583685,-3234,-2374,+,hpnC
Acetobacter_2596583685,-2279,-1380,+,hpnD
Acetobacter_2596583685,-1359,-61,+,hpnE
Acetobacter_2596583685,0,1970,+,SHC
Acetobacter_2596583685,1975,2682,+,hpnG
Acetobacter_2596583685,2875,4389,-,99
Acetobacter_2596583685,4412,5323,-,102
Acetobacter_2596583685,5351,5545,-,-
Acetobacter_2596583685,5586,6104,-,72
Acetobacter_2596583685,6249,6674,-,-
Acetobacter_2596583685,6715,7017,-,-
Acetobacter_2596583685,7090,8238,+,248
Acetobacter_2596583685,8418,9356,+,60
Acetobacter_2596583685,9353,9775,+,-
Burkholderia_2814123434,-10048,-9452,-,rpoD
Burkholderia_2814123434,-9086,-8532,+,19
Burkholderia_2814123434,-8475,-6229,-,21
Burkholderia_2814123434,-5760,-5392,+,14
Burkholderia_2814123434,-5399,-4773,+,25
Burkholderia_2814123434,-4776,-3835,+,81
Burkholderia_2814123434,-3812,-2928,-,7
Burkholderia_2814123434,-2716,-2384,+,-
Burkholderia_2814123434,-2125,-1277,+,hpnD
Burkholderia_2814123434,-1272,-16,+,hpnE
Burkholderia_2814123434,0,1973,+,SHC
Burkholderia_2814123434,1977,2684,+,hpnG
Burkholderia_2814123434,2887,4035,+,119
Burkholderia_2814123434,4270,5337,-,hpnS
Burkholderia_2814123434,5330,7963,-,hpnN
Burkholderia_2814123434,8292,8888,+,hpnM*
Burkholderia_2814123434,9136,9780,-,42
Burkholderia_2814123434,9813,11195,-,61
Burkholderia_2814123434,11312,12874,-,69
Burkholderia_2814123434,13319,15493,-,glcB
Burkholderia_2814123434,16304,17785,+,-
Novosphingobium_2788499873,-10580,-9684,-,hpnL
Novosphingobium_2788499873,-9594,-8686,-,-
Novosphingobium_2788499873,-8689,-7844,-,-
Novosphingobium_2788499873,-7803,-6358,-,hpnP*
Novosphingobium_2788499873,-6361,-5198,-,hpnI
Novosphingobium_2788499873,-5066,-4062,+,hpnA
Novosphingobium_2788499873,-4065,-2923,+,hpnB
Novosphingobium_2788499873,-2923,-2087,+,hpnC
Novosphingobium_2788499873,-2075,-1263,+,hpnD
Novosphingobium_2788499873,-1266,-10,+,hpnE
Novosphingobium_2788499873,0,1937,+,SHC
Novosphingobium_2788499873,1934,2578,+,hpnJ
Novosphingobium_2788499873,2585,3730,-,hpnH
Novosphingobium_2788499873,3740,4813,-,ispH
Novosphingobium_2788499873,4933,5532,+,hpnM
Novosphingobium_2788499873,5547,6554,+,hpnS
Novosphingobium_2788499873,6551,9160,-,hpnN
Novosphingobium_2788499873,9157,9654,-,-
Novosphingobium_2788499873,9611,11539,-,DXPS
Novosphingobium_2788499873,11991,13337,+,-
Novosphingobium_2788499873,13355,14032,+,88
Parvularcula_2910328404,-12809,-10263,-,hpnN*
Parvularcula_2910328404,-10244,-9513,-,hpnS
Parvularcula_2910328404,-9439,-7457,-,DXPS
Parvularcula_2910328404,-7305,-6232,+,-
Parvularcula_2910328404,-6235,-5222,+,-
Parvularcula_2910328404,-5225,-4257,+,hpnA*
Parvularcula_2910328404,-4281,-3121,-,hpnB
Parvularcula_2910328404,-3032,-2169,+,hpnC
Parvularcula_2910328404,-2172,-1270,+,hpnCD
Parvularcula_2910328404,-1273,-11,+,hpnE
Parvularcula_2910328404,0,1934,+,SHC
Parvularcula_2910328404,1939,2589,+,hpnJ
Parvularcula_2910328404,2652,3770,+,219
Parvularcula_2910328404,3843,4475,+,-
Parvularcula_2910328404,4478,5647,-,hpnH
Parvularcula_2910328404,5692,6657,-,ispH
Parvularcula_2910328404,6824,7585,+,-
Parvularcula_2910328404,7606,8820,-,-
Parvularcula_2910328404,8978,9409,+,-
Parvularcula_2910328404,9532,10101,+,65
Parvularcula_2910328404,10198,10833,-,-
Salinisphaera_2772190855,-13779,-13690,+,-
Salinisphaera_2772190855,-13602,-12397,+,-
Salinisphaera_2772190855,-12400,-8273,+,-
Salinisphaera_2772190855,-8283,-7075,+,-
Salinisphaera_2772190855,-6722,-5427,+,-
Salinisphaera_2772190855,-5430,-4780,-,-
Salinisphaera_2772190855,-4665,-3874,+,-
Salinisphaera_2772190855,-3890,-2478,+,29
Salinisphaera_2772190855,-2459,-1086,+,-
Salinisphaera_2772190855,-1061,-219,-,hpnE*
Salinisphaera_2772190855,0,3029,+,SHC
Salinisphaera_2772190855,3090,3818,+,hpnJ
Salinisphaera_2772190855,3815,6436,+,hpnN
Salinisphaera_2772190855,6488,6775,+,-
Salinisphaera_2772190855,6779,7780,+,hpnA
Salinisphaera_2772190855,7777,8274,+,hpnT
Salinisphaera_2772190855,8569,9723,+,159
Salinisphaera_2772190855,9911,10106,+,-
Salinisphaera_2772190855,10237,11379,+,hpnH
Salinisphaera_2772190855,11448,12569,+,hpnB
Salinisphaera_2772190855,12751,13392,+,hpnM
Telluria_2582581251,-10738,-10061,-,-
Telluria_2582581251,-10024,-9089,-,255
Telluria_2582581251,-9092,-8403,-,-
Telluria_2582581251,-8403,-8101,-,-
Telluria_2582581251,-7963,-6815,-,-
Telluria_2582581251,-6632,-5241,+,29
Telluria_2582581251,-5251,-4421,-,7
Telluria_2582581251,-3665,-1938,+,-
Telluria_2582581251,-1895,-1260,-,-
Telluria_2582581251,-957,-37,+,hpnD
Telluria_2582581251,0,2012,+,SHC
Telluria_2582581251,2009,2728,+,hpnG
Telluria_2582581251,2794,3633,-,hpnS
Telluria_2582581251,3659,6298,-,hpnN
Telluria_2582581251,6502,7155,+,hpnM*
Telluria_2582581251,7180,8223,-,hpnL
Telluria_2582581251,8262,9092,-,-
Telluria_2582581251,9089,10522,-,hpnP*
Telluria_2582581251,10541,11716,-,hpnI
Telluria_2582581251,11747,12910,-,hpnH
Telluria_2582581251,12937,13869,-,ispH
Cupriavidus_2645728066,-11174,-10839,-,33
Cupriavidus_2645728066,-10742,-9501,-,-
Cupriavidus_2645728066,-9181,-8792,-,14
Cupriavidus_2645728066,-8561,-6762,+,192
Cupriavidus_2645728066,-6683,-5811,-,-
Cupriavidus_2645728066,-5681,-4776,-,10
Cupriavidus_2645728066,-4490,-3495,+,139
Cupriavidus_2645728066,-3193,-1601,+,-
Cupriavidus_2645728066,-1477,-1256,+,-
Cupriavidus_2645728066,-872,-105,+,hpnD
Cupriavidus_2645728066,0,2024,+,SHC
Cupriavidus_2645728066,2012,2716,+,hpnG
Cupriavidus_2645728066,2850,3740,-,hpnS
Cupriavidus_2645728066,3754,6426,-,hpnN
Cupriavidus_2645728066,6882,7520,+,hpnM*
Cupriavidus_2645728066,7597,8766,-,hpnH
Cupriavidus_2645728066,8801,9805,-,ispH
Cupriavidus_2645728066,9963,10964,+,hpnA
Cupriavidus_2645728066,11014,12153,-,hpnB
Cupriavidus_2645728066,12192,13175,-,-
Cupriavidus_2645728066,13559,13846,+,-
Trinickia_2515154123,-9444,-8782,-,24
Trinickia_2515154123,-8044,-7850,-,-
Trinickia_2515154123,-7818,-7459,+,arsC
Trinickia_2515154123,-7131,-6574,+,19
Trinickia_2515154123,-6504,-5878,-,-
Trinickia_2515154123,-5812,-3563,-,21
Trinickia_2515154123,-3025,-2657,+,14
Trinickia_2515154123,-2664,-2041,+,25
Trinickia_2515154123,-2044,-1103,+,179
Trinickia_2515154123,-861,-13,+,hpnD
Trinickia_2515154123,0,1997,+,SHC
Trinickia_2515154123,2000,2695,+,hpnG
Trinickia_2515154123,2708,3526,-,hpnS
Trinickia_2515154123,3564,6200,-,hpnN
Trinickia_2515154123,6580,7179,+,hpnM*
Trinickia_2515154123,7233,7880,-,42
Trinickia_2515154123,7877,9313,-,61
Trinickia_2515154123,9421,10572,-,hpnH
Trinickia_2515154123,10589,11527,-,ispH
Trinickia_2515154123,11960,13135,+,hpnB
Trinickia_2515154123,13236,13736,-,-
Azotobacter_2541047084,-11136,-10675,-,-
Azotobacter_2541047084,-10354,-10154,-,-
Azotobacter_2541047084,-9750,-8539,-,29
Azotobacter_2541047084,-8542,-7403,-,-
Azotobacter_2541047084,-7399,-6044,-,41
Azotobacter_2541047084,-5959,-5042,+,10
Azotobacter_2541047084,-4747,-3950,-,-
Azotobacter_2541047084,-3878,-2982,+,10
Azotobacter_2541047084,-2373,-2197,+,-
Azotobacter_2541047084,-1350,-217,+,hpnCD
Azotobacter_2541047084,0,1796,+,SHC
Azotobacter_2541047084,1880,2536,+,hpnJ
Azotobacter_2541047084,2664,5258,+,hpnN
Azotobacter_2541047084,5455,6477,+,hpnA
Azotobacter_2541047084,7457,7930,-,-
Azotobacter_2541047084,7981,8874,-,-
Azotobacter_2541047084,8923,9924,-,hpnL
Azotobacter_2541047084,9921,10628,-,-
Azotobacter_2541047084,10808,12220,-,hpnP*
Azotobacter_2541047084,12313,13473,-,hpnI
Azotobacter_2541047084,13605,14246,+,IPPI
Methylomarinum_2574179779,-11610,-9721,-,13
Methylomarinum_2574179779,-9570,-9376,+,-
Methylomarinum_2574179779,-9383,-8487,+,hpnE*
Methylomarinum_2574179779,-8417,-6555,+,DXPS
Methylomarinum_2574179779,-6234,-5719,+,-
Methylomarinum_2574179779,-5572,-4478,-,hpnS
Methylomarinum_2574179779,-4462,-3827,-,hpnM
Methylomarinum_2574179779,-3801,-2677,-,hpnB
Methylomarinum_2574179779,-2677,-1481,-,hpnH
Methylomarinum_2574179779,-1134,-13,+,hpnCD
Methylomarinum_2574179779,0,1955,+,SHC
Methylomarinum_2574179779,1952,2677,+,hpnJ
Methylomarinum_2574179779,2682,5285,+,hpnN
Methylomarinum_2574179779,5303,6691,+,hpnO
Methylomarinum_2574179779,6731,7111,+,-
Methylomarinum_2574179779,7117,8748,+,-
Methylomarinum_2574179779,8751,10613,+,DXPS
Methylomarinum_2574179779,11095,11418,-,-
Methylomarinum_2574179779,11671,12102,-,-
Methylomarinum_2574179779,12251,14566,-,-
Methylomarinum_2574179779,14994,15509,+,-
Methylobacter_A_648276688,-10840,-9782,-,14
Methylobacter_A_648276688,-9495,-7786,+,-
Methylobacter_A_648276688,-7589,-7068,-,-
Methylobacter_A_648276688,-7064,-6519,-,-
Methylobacter_A_648276688,-6453,-5293,-,84
Methylobacter_A_648276688,-5029,-4514,+,-
Methylobacter_A_648276688,-4429,-3449,-,hpnS
Methylobacter_A_648276688,-3437,-2820,-,hpnM
Methylobacter_A_648276688,-2707,-1598,-,hpnH
Methylobacter_A_648276688,-1211,-12,+,hpnCD
Methylobacter_A_648276688,0,1955,+,SHC
Methylobacter_A_648276688,1952,2671,+,hpnJ
Methylobacter_A_648276688,2725,5295,+,hpnN
Methylobacter_A_648276688,5312,6697,+,hpnO
Methylobacter_A_648276688,6715,7071,+,-
Methylobacter_A_648276688,7081,8718,+,-
Methylobacter_A_648276688,8720,10582,+,DXPS
Methylobacter_A_648276688,11068,11832,+,23
Methylobacter_A_648276688,11999,13498,-,-
Methylobacter_A_648276688,13531,14574,-,-
Methylobacter_A_648276688,14633,14956,+,-
Methylomicrobium_2508501010,-9664,-8838,-,173
Methylomicrobium_2508501010,-8835,-8560,-,-
Methylomicrobium_2508501010,-8356,-8123,+,-
Methylomicrobium_2508501010,-8130,-7234,+,hpnE*
Methylomicrobium_2508501010,-7103,-5208,+,DXPS
Methylomicrobium_2508501010,-5135,-4620,+,-
Methylomicrobium_2508501010,-4562,-3480,-,hpnS
Methylomicrobium_2508501010,-3475,-2858,-,hpnM
Methylomicrobium_2508501010,-2681,-1575,-,hpnH
Methylomicrobium_2508501010,-1110,-10,+,hpnCD
Methylomicrobium_2508501010,0,1955,+,SHC
Methylomicrobium_2508501010,1952,2707,+,hpnJ
Methylomicrobium_2508501010,2764,4155,+,hpnO
Methylomicrobium_2508501010,4169,4525,+,-
Methylomicrobium_2508501010,4538,6193,+,-
Methylomicrobium_2508501010,6195,8057,+,DXPS
Methylomicrobium_2508501010,8067,8831,+,23
Methylomicrobium_2508501010,8921,10261,-,-
Methylomicrobium_2508501010,10485,14123,-,-
Methylomicrobium_2508501010,14130,14330,-,-
Methylomicrobium_2508501010,14327,14536,-,-
Nitrosospira_2671180070,-11466,-10693,+,-
Nitrosospira_2671180070,-10493,-9873,+,-
Nitrosospira_2671180070,-9863,-8811,+,-
Nitrosospira_2671180070,-8807,-7971,+,-
Nitrosospira_2671180070,-7658,-6387,+,103
Nitrosospira_2671180070,-6189,-6022,+,-
Nitrosospira_2671180070,-5924,-4818,+,hpnH
Nitrosospira_2671180070,-4492,-3857,+,hpnM
Nitrosospira_2671180070,-3805,-1148,+,hpnN
Nitrosospira_2671180070,-955,-170,+,hpnS
Nitrosospira_2671180070,0,1946,+,SHC
Nitrosospira_2671180070,1898,2701,+,hpnG
Nitrosospira_2671180070,2865,3134,+,-
Nitrosospira_2671180070,3260,5365,+,213
Nitrosospira_2671180070,5540,5962,-,-
Nitrosospira_2671180070,6478,6702,+,-
Nitrosospira_2671180070,6847,7245,+,-
Nitrosospira_2671180070,7260,8108,+,-
Nitrosospira_2671180070,8080,8844,+,-
Nitrosospira_2671180070,8949,9581,+,141
Nitrosospira_2671180070,9613,10806,+,-
Pyruvatibacter_2588253765,-12495,-11236,+,29
Pyruvatibacter_2588253765,-11239,-8750,-,hpnN*
Pyruvatibacter_2588253765,-8570,-7899,+,hpnM*
Pyruvatibacter_2588253765,-7896,-6811,+,-
Pyruvatibacter_2588253765,-6786,-5599,+,-
Pyruvatibacter_2588253765,-5602,-4595,+,hpnA*
Pyruvatibacter_2588253765,-4581,-3388,-,hpnB
Pyruvatibacter_2588253765,-3218,-2295,+,hpnCD
Pyruvatibacter_2588253765,-2274,-1363,+,hpnD
Pyruvatibacter_2588253765,-1358,-93,+,hpnE
Pyruvatibacter_2588253765,0,1725,+,SHC
Pyruvatibacter_2588253765,2655,3833,-,hpnH
Pyruvatibacter_2588253765,3901,4911,-,ispH
Pyruvatibacter_2588253765,5405,6502,+,ispG
Pyruvatibacter_2588253765,6515,7474,+,hpnE*
Pyruvatibacter_2588253765,7511,9406,+,DXPS
Pyruvatibacter_2588253765,9537,10871,+,-
Pyruvatibacter_2588253765,11033,12289,+,-
Pyruvatibacter_2588253765,12296,12934,+,-
Pyruvatibacter_2588253765,12954,14651,-,114
Pyruvatibacter_2588253765,14717,14789,-,-
Acidithiobacillus_2824077352,-8151,-7498,-,-
Acidithiobacillus_2824077352,-7346,-6408,+,-
Acidithiobacillus_2824077352,-6361,-5738,+,-
Acidithiobacillus_2824077352,-5725,-5249,-,-
Acidithiobacillus_2824077352,-5256,-3544,-,-
Acidithiobacillus_2824077352,-3080,-2979,-,-
Acidithiobacillus_2824077352,-2950,-2875,-,-
Acidithiobacillus_2824077352,-2686,-2237,+,-
Acidithiobacillus_2824077352,-2233,-1199,+,-
Acidithiobacillus_2824077352,-1064,3,+,hpnCD
Acidithiobacillus_2824077352,0,1931,+,SHC
Acidithiobacillus_2824077352,1913,2626,+,hpnG
Acidithiobacillus_2824077352,2623,3612,+,hpnA
Acidithiobacillus_2824077352,3655,4815,+,hpnI
Acidithiobacillus_2824077352,4812,6242,+,hpnP*
Acidithiobacillus_2824077352,6244,7119,+,-
Acidithiobacillus_2824077352,7100,9802,+,hpnN
Acidithiobacillus_2824077352,9789,10820,+,hpnL
Acidithiobacillus_2824077352,10817,11659,+,-
Acidithiobacillus_2824077352,11765,12868,+,hpnH
Acidithiobacillus_2824077352,12914,13573,+,hpnM
Roseococcus_2524614851,-9515,-8733,-,-
Roseococcus_2524614851,-8672,-7713,-,hpnL
Roseococcus_2524614851,-7716,-6877,-,-
Roseococcus_2524614851,-6860,-6528,-,-
Roseococcus_2524614851,-6510,-5077,-,hpnP*
Roseococcus_2524614851,-5080,-3908,-,hpnI
Roseococcus_2524614851,-3855,-2950,+,hpnS
Roseococcus_2524614851,-2922,-2311,-,hpnM
Roseococcus_2524614851,-2244,-1240,+,hpnA
Roseococcus_2524614851,-1243,-116,+,hpnB
Roseococcus_2524614851,0,2006,+,SHC
Roseococcus_2524614851,2083,3483,-,-
Roseococcus_2524614851,3491,3889,-,-
Roseococcus_2524614851,3902,5029,-,-
Roseococcus_2524614851,5097,6086,-,-
Roseococcus_2524614851,6083,7126,-,-
Roseococcus_2524614851,7189,8478,+,172
Roseococcus_2524614851,8540,9823,+,268
Roseococcus_2524614851,9964,11445,+,-
Roseococcus_2524614851,11461,11769,-,-
Roseococcus_2524614851,11875,12315,-,-
